rank,total_score,passes,source,listing_id,state,county,acres,price_usd,price_per_acre,title,url,lat,lon,score_state,score_acreage,score_price,score_water,score_access
1,0.7885,True,landwatch,422061877,TN,Shelby,650.0,450000.0,692.31,"Millington, TN, 38053, Shelby County",https://www.landwatch.com/shelby-county-tennessee-recreational-property-for-sale/pid/422061877,,,1.0,1.0,0.885,0.5,0.5
2,0.775,True,landwatch,422998316,NE,Kimball,662.0,550000.0,830.82,"Kimball, NE, 69145, Kimball County",https://www.landwatch.com/kimball-county-nebraska-farms-and-ranches-for-sale/pid/422998316,,,1.0,0.968,0.862,0.5,0.5
3,0.7709,True,landwatch,423673320,NE,Kimball,632.0,533800.0,844.62,"Bushnell, NE, 69128, Kimball County",https://www.landwatch.com/kimball-county-nebraska-farms-and-ranches-for-sale/pid/423673320,,,1.0,0.952,0.859,0.5,0.5
4,0.7671,True,landwatch,425765916,IN,Lake,5004.0,75000.0,14.99,"East Chicago, IN, 46312, Lake County",https://www.landwatch.com/lake-county-indiana-homes-for-sale/pid/425765916,,,1.0,0.75,0.998,0.5,0.5
5,0.7671,True,landwatch,426663518,ND,Ward,17010.0,262500.0,15.43,"Minot, ND, 58701, Ward County",https://www.landwatch.com/ward-county-north-dakota-homes-for-sale/pid/426663518,,,1.0,0.75,0.997,0.5,0.5
6,0.7666,True,landwatch,426545162,ND,Ward,6250.0,169900.0,27.18,"Minot, ND, 58701, Ward County",https://www.landwatch.com/ward-county-north-dakota-homes-for-sale/pid/426545162,,,1.0,0.75,0.995,0.5,0.5
7,0.7664,True,landwatch,426545313,MI,Allegan,15682.0,495000.0,31.56,"Saugatuck, MI, 49453, Allegan County",https://www.landwatch.com/allegan-county-michigan-lakefront-property-for-sale/pid/426545313,,,1.0,0.75,0.995,0.5,0.5
8,0.7661,True,landwatch,426645026,ND,Ward,14375.0,539000.0,37.5,"Surrey, ND, 58785, Ward County",https://www.landwatch.com/ward-county-north-dakota-homes-for-sale/pid/426645026,,,1.0,0.75,0.994,0.5,0.5
9,0.7658,True,landwatch,426508289,MS,Holmes,3936.0,167000.0,42.43,"West, MS, 39192, Holmes County",https://www.landwatch.com/holmes-county-mississippi-recreational-property-for-sale/pid/426508289,,,1.0,0.75,0.993,0.5,0.5
10,0.765,True,landandfarm,38304539,MS,Bolivar,13000.0,775000.0,59.62,"Beulah, MS, 38726",https://www.landandfarm.com/property/merigold-hunting-club-equity-share-38304539/,,,1.0,0.75,0.99,0.5,0.5
11,0.7646,True,landandfarm,38470168,KY,Morgan,644.0,722000.0,1121.12,"West Liberty, KY, 41472",https://www.landandfarm.com/property/644-acres-of-premium-hunting-and-recreational-paradise-in-morgan-county-ky-38470168/,,,1.0,0.984,0.813,0.5,0.5
12,0.7643,True,landwatch,426545824,NY,Suffolk,7405.0,549999.0,74.27,"Shirley, NY, 11967, Suffolk County",https://www.landwatch.com/suffolk-county-new-york-homes-for-sale/pid/426545824,,,1.0,0.75,0.988,0.5,0.5
13,0.764,True,landwatch,426663519,ND,Ward,7692.0,625000.0,81.25,"Minot, ND, 58701, Ward County",https://www.landwatch.com/ward-county-north-dakota-homes-for-sale/pid/426663519,,,1.0,0.75,0.986,0.5,0.5
14,0.7624,True,landwatch,424954214,MS,Coahoma,7000.0,795000.0,113.57,"Clarksdale, MS, 38614, Coahoma County",https://www.landwatch.com/coahoma-county-mississippi-recreational-property-for-sale/pid/424954214,,,1.0,0.75,0.981,0.5,0.5
15,0.7621,True,landwatch,426484409,IL,Cook,7500.0,900000.0,120.0,"Oak Park, IL, 60304, Cook County",https://www.landwatch.com/cook-county-illinois-homes-for-sale/pid/426484409,,,1.0,0.75,0.98,0.5,0.5
16,0.7618,True,landwatch,425453299,NC,Carteret,7472.0,950000.0,127.14,"Stacy, NC, 28581, Carteret County",https://www.landwatch.com/carteret-county-north-carolina-recreational-property-for-sale/pid/425453299,,,1.0,0.75,0.979,0.5,0.5
17,0.7615,True,landwatch,425266342,NY,Suffolk,6147.0,815000.0,132.59,"Lindenhurst, NY, 11757, Suffolk County",https://www.landwatch.com/suffolk-county-new-york-homes-for-sale/pid/425266342,,,1.0,0.75,0.978,0.5,0.5
18,0.7615,True,landwatch,426545853,NY,Nassau,11265.0,1499000.0,133.07,"Sea Cliff, NY, 11579, Nassau County",https://www.landwatch.com/nassau-county-new-york-homes-for-sale/pid/426545853,,,1.0,0.75,0.978,0.5,0.5
19,0.7612,True,landandfarm,38966376,KY,Clay,1185.0,775000.0,654.01,"Oneida, KY, 40972",https://www.landandfarm.com/property/farms-oneida-ky-38966376/,,,1.0,0.864,0.891,0.5,0.5
20,0.7596,True,landwatch,426437302,KY,Greenup,3625.0,629000.0,173.52,"Ashland, KY, 41102, Greenup County",https://www.landwatch.com/greenup-county-kentucky-farms-and-ranches-for-sale/pid/426437302,,,1.0,0.75,0.971,0.5,0.5
21,0.7585,True,landwatch,424086611,NE,Brown,644.0,805000.0,1250.0,"Ainsworth, NE 69210",https://www.landwatch.com/brown-county-nebraska-farms-and-ranches-for-sale/pid/424086611,,,1.0,0.984,0.792,0.5,0.5
22,0.7574,True,landandfarm,40728090,KS,Grant,640.0,784000.0,1225.0,"Ulysses, KS, 67880",https://www.landandfarm.com/property/rebel-farm-ground-640-crp-tillable-40728090/,,,1.0,0.973,0.796,0.5,0.5
23,0.7572,True,landandfarm,38314188,MS,Issaquena,5560.0,1250000.0,224.82,"Fitler, MS, 39159",https://www.landandfarm.com/property/magna-vista-3-38314188/,,,1.0,0.75,0.963,0.5,0.5
24,0.7572,True,landwatch,425588963,NY,Nassau,6000.0,1349000.0,224.83,"Elmont, NY, 11003, Nassau County",https://www.landwatch.com/nassau-county-new-york-homes-for-sale/pid/425588963,,,1.0,0.75,0.963,0.5,0.5
25,0.7562,True,landwatch,420738159,MI,Marquette,660.0,825000.0,1250.0,"Arnold, MI, 49819, Marquette County",https://www.landwatch.com/marquette-county-michigan-undeveloped-land-for-sale/pid/420738159,,,1.0,0.973,0.792,0.5,0.5
26,0.7556,True,landwatch,426508938,NY,Nassau,10000.0,2575000.0,257.5,"East Williston, NY, 11596, Nassau County",https://www.landwatch.com/nassau-county-new-york-homes-for-sale/pid/426508938,,,1.0,0.75,0.957,0.5,0.5
27,0.7552,True,landwatch,426534096,NY,Queens,5000.0,1328000.0,265.6,"Bayside, NY, 11364, Queens County",https://www.landwatch.com/queens-county-new-york-homes-for-sale/pid/426534096,,,1.0,0.75,0.956,0.5,0.5
28,0.7544,True,landwatch,426426374,NY,Nassau,5500.0,1553000.0,282.36,"New Hyde Park, NY, 11040, Nassau County",https://www.landwatch.com/nassau-county-new-york-homes-for-sale/pid/426426374,,,1.0,0.75,0.953,0.5,0.5
29,0.7539,True,landwatch,426013325,NY,Nassau,6000.0,1758000.0,293.0,"Great Neck, NY, 11021, Nassau County",https://www.landwatch.com/nassau-county-new-york-homes-for-sale/pid/426013325,,,1.0,0.75,0.951,0.5,0.5
30,0.7536,True,landwatch,426171832,NY,Nassau,5500.0,1649000.0,299.82,"Valley Stream, NY, 11581, Nassau County",https://www.landwatch.com/nassau-county-new-york-homes-for-sale/pid/426171832,,,1.0,0.75,0.95,0.5,0.5
31,0.7535,True,landwatch,425553461,NJ,Morris,999.0,275000.0,275.28,"Morris Plains, NJ, 07950, Morris County",https://www.landwatch.com/morris-county-new-jersey-homes-for-sale/pid/425553461,,,1.0,0.744,0.954,0.5,0.5
32,0.7532,True,landwatch,424966038,MS,Warren,6500.0,2000000.0,307.69,"Vicksburg, MS, 39183, Warren County",https://www.landwatch.com/warren-county-mississippi-recreational-property-for-sale/pid/424966038,,,1.0,0.75,0.949,0.5,0.5
33,0.7511,True,landwatch,426601378,NJ,Monmouth,715.0,499000.0,697.9,"Matawan, NJ, 07747, Monmouth County",https://www.landwatch.com/monmouth-county-new-jersey-homes-for-sale/pid/426601378,,,1.0,0.827,0.884,0.5,0.5
34,0.7508,True,landwatch,425972241,NE,Box Butte,639.0,864000.0,1352.11,"Hemingford, NE, 69348",https://www.landwatch.com/box-butte-county-nebraska-recreational-property-for-sale/pid/425972241,,,1.0,0.971,0.775,0.5,0.5
35,0.7455,True,landwatch,425405318,MI,Presque Isle,687.0,789999.0,1149.93,"Rogers City, MI, 49779, Presque Isle County",https://www.landwatch.com/presque-isle-county-michigan-undeveloped-land-for-sale/pid/425405318,,,1.0,0.901,0.808,0.5,0.5
36,0.7455,True,landwatch,423417803,MN,Ramsey,6060.0,2850000.0,470.3,"Saint Paul, MN, 55116, Ramsey County",https://www.landwatch.com/ramsey-county-minnesota-homes-for-sale/pid/423417803,,,1.0,0.75,0.922,0.5,0.5
37,0.7443,True,landwatch,426108912,NY,Nassau,4000.0,1975000.0,493.75,"Long Beach, NY, 11561, Nassau County",https://www.landwatch.com/nassau-county-new-york-homes-for-sale/pid/426108912,,,1.0,0.75,0.918,0.5,0.5
38,0.7436,True,landandfarm,39167237,NY,Kings,4520.0,2300000.0,508.85,"Brooklyn, NY, 11230",https://www.landandfarm.com/property/1329-e-2nd-st-39167237/,,,1.0,0.75,0.915,0.5,0.5
39,0.7431,True,landwatch,426511881,NY,Queens,1056.0,799000.0,756.63,"Jamaica, NY, 11419, Queens County",https://www.landwatch.com/queens-county-new-york-homes-for-sale/pid/426511881,,,1.0,0.803,0.874,0.5,0.5
40,0.7422,True,landandfarm,40893485,TN,Morgan,615.0,765000.0,1243.9,"Oakdale, TN, 37829",https://www.landandfarm.com/property/morgan-615-40893485/,,,1.0,0.907,0.793,0.5,0.5
41,0.7397,True,landwatch,422540573,TX,Crockett,4652.0,2750000.0,591.14,"Ozona, TX, 76943, Crockett County",https://www.landwatch.com/crockett-county-texas-farms-and-ranches-for-sale/pid/422540573,,,1.0,0.75,0.901,0.5,0.5
42,0.7383,True,landwatch,421709347,KS,Pawnee,640.0,1040000.0,1625.0,"Nekoma, KS, 67559, Pawnee County",https://www.landwatch.com/pawnee-county-kansas-farms-and-ranches-for-sale/pid/421709347,,,1.0,0.973,0.729,0.5,0.5
43,0.7382,True,landwatch,425448534,NY,Queens,1250.0,1045000.0,836.0,"East Elmhurst, NY, 11370, Queens County",https://www.landwatch.com/queens-county-new-york-homes-for-sale/pid/425448534,,,1.0,0.798,0.861,0.5,0.5
44,0.7371,True,landwatch,424162588,VA,Giles,620.0,875000.0,1411.29,"Narrows, VA, 24124, Giles County",https://www.landwatch.com/giles-county-virginia-farms-and-ranches-for-sale/pid/424162588,,,1.0,0.92,0.765,0.5,0.5
45,0.7365,True,landsearch,5119209,NE,Box Butte,593.0,652600.0,1100.51,"Hemingford, NE 69348",https://www.landsearch.com/properties/county-road-86-hemingford-ne-69348/5119209,,,1.0,0.848,0.817,0.5,0.5
46,0.7341,True,landwatch,425972810,NY,Queens,2500.0,650000.0,260.0,"Jamaica, NY, 11412, Queens County",https://www.landwatch.com/queens-county-new-york-homes-for-sale/pid/425972810,,,1.0,0.65,0.957,0.5,0.5
47,0.7309,True,landwatch,426289687,NJ,Atlantic,929.0,395000.0,425.19,"Atlantic City, NJ, 08401, Atlantic County",https://www.landwatch.com/atlantic-county-new-jersey-undeveloped-land-for-sale/pid/426289687,,,1.0,0.672,0.929,0.5,0.5
48,0.73,True,landwatch,425795609,SD,Butte,640.0,1152000.0,1800.0,"Newell, SD, 57760, Butte County",https://www.landwatch.com/butte-county-south-dakota-farms-and-ranches-for-sale/pid/425795609,,,1.0,0.973,0.7,0.5,0.5
49,0.7293,True,landwatch,426668203,NY,Queens,2500.0,899000.0,359.6,"Richmond Hill, NY, 11419, Queens County",https://www.landwatch.com/queens-county-new-york-homes-for-sale/pid/426668203,,,1.0,0.65,0.94,0.5,0.5
50,0.7285,True,landandfarm,35693379,AR,Clark,609.0,889000.0,1459.77,"Arkadelphia, AR, 71923",https://www.landandfarm.com/property/609-acres-of-prime-hunting-and-timber-investment-land-35693379/,,,1.0,0.891,0.757,0.5,0.5
51,0.7244,True,landwatch,423480565,AR,Nevada,1230.0,1500000.0,1219.51,"Prescott, AR, 71857, Nevada County",https://www.landwatch.com/nevada-county-arkansas-farms-and-ranches-for-sale/pid/423480565,,,1.0,0.818,0.797,0.5,0.5
52,0.724,True,landwatch,423936277,KS,Pawnee,626.0,1100000.0,1757.19,"Rozel, KS, 67574, Pawnee County",https://www.landwatch.com/pawnee-county-kansas-farms-and-ranches-for-sale/pid/423936277,,,1.0,0.936,0.707,0.5,0.5
53,0.7223,True,landwatch,419186813,TN,Van Buren,1233.0,1541250.0,1250.0,"Sparta, TN, 38583, Van Buren County",https://www.landwatch.com/van-buren-county-tennessee-recreational-property-for-sale/pid/419186813,,,1.0,0.815,0.792,0.5,0.5
54,0.7218,True,landwatch,426651248,NY,Queens,1967.0,899000.0,457.04,"Flushing, NY, 11355, Queens County",https://www.landwatch.com/queens-county-new-york-homes-for-sale/pid/426651248,,,1.0,0.637,0.924,0.5,0.5
55,0.7209,True,landandfarm,41013564,VA,Middlesex,658.0,1326200.0,2015.5,"Saluda, VA, 23149",https://www.landandfarm.com/property/land-saluda-va-41013564/,,,1.0,0.979,0.664,0.5,0.5
56,0.7208,True,landwatch,423278486,KS,Harper,630.0,1180000.0,1873.02,"Waldron, KS, 67150, Harper County",https://www.landwatch.com/harper-county-kansas-farms-and-ranches-for-sale/pid/423278486,,,1.0,0.947,0.688,0.5,0.5
57,0.7201,True,landwatch,426287542,TN,Hardeman,1840.0,485000.0,263.59,"Grand Junction, TN, 38039, Hardeman County",https://www.landwatch.com/hardeman-county-tennessee-recreational-property-for-sale/pid/426287542,,,1.0,0.586,0.956,0.5,0.5
58,0.7199,True,landwatch,426177434,TN,Hardeman,1842.0,500000.0,271.44,"Grand Junction, TN, 38039, Hardeman County",https://www.landwatch.com/hardeman-county-tennessee-farms-and-ranches-for-sale/pid/426177434,,,1.0,0.586,0.955,0.5,0.5
59,0.7198,True,landandfarm,39770061,NY,Queens,1920.0,795000.0,414.06,"Richmond Hill, NY, 11418",https://www.landandfarm.com/property/1-920-acres-in-queens-county-39770061/,,,1.0,0.618,0.931,0.5,0.5
60,0.7182,True,landwatch,426416706,NJ,Middlesex,1851.0,599000.0,323.61,"South Plainfield, NJ, 07080, Middlesex County",https://www.landwatch.com/middlesex-county-new-jersey-homes-for-sale/pid/426416706,,,1.0,0.59,0.946,0.5,0.5
61,0.7177,True,landwatch,420886442,MS,Lauderdale,694.0,1145100.0,1650.0,"Chunky, MS, 39364, Lauderdale County",https://www.landwatch.com/lauderdale-county-mississippi-recreational-property-for-sale/pid/420886442,,,1.0,0.883,0.725,0.5,0.5
62,0.7176,True,landsearch,5214820,VA,Tazewell,1200.0,1800000.0,1500.0,"Bandy, VA 24602",https://www.landsearch.com/properties/2789-dry-fork-rd-bandy-va-24602/5214820,,,1.0,0.849,0.75,0.5,0.5
63,0.7175,True,landwatch,425855961,NY,Queens,2640.0,938000.0,355.3,"Jamaica, NY, 11435, Queens County",https://www.landwatch.com/queens-county-new-york-homes-for-sale/pid/425855961,,,1.0,0.594,0.941,0.5,0.5
64,0.7173,True,landsearch,5108676,KY,Lawrence,2214.0,2204000.0,995.48,"Louisa, KY 41230",https://www.landsearch.com/properties/2214a-state-highway-2033-louisa-ky-41230/5108676,,,1.0,0.735,0.834,0.5,0.5
65,0.7163,True,landwatch,426600917,IL,Cook,1440.0,599900.0,416.6,"Mount Prospect, IL, 60056, Cook County",https://www.landwatch.com/cook-county-illinois-homes-for-sale/pid/426600917,,,1.0,0.602,0.931,0.5,0.5
66,0.7162,True,landandfarm,7004584,AL,Clarke,620.0,1147000.0,1850.0,"Jackson, AL, 36545",https://www.landandfarm.com/property/tombigbee-river-upper-state-game-sanctuary-tract-7004584/,,,1.0,0.92,0.692,0.5,0.5
67,0.7157,True,landwatch,426260646,IL,Cook,1440.0,615999.0,427.78,"Mount Prospect, IL, 60056, Cook County",https://www.landwatch.com/cook-county-illinois-homes-for-sale/pid/426260646,,,1.0,0.602,0.929,0.5,0.5
68,0.7145,True,landwatch,423091990,NE,Lincoln,592.0,917631.0,1550.05,"Brady, NE, 69123, Lincoln County",https://www.landwatch.com/lincoln-county-nebraska-farms-and-ranches-for-sale/pid/423091990,,,1.0,0.845,0.742,0.5,0.5
69,0.711,True,landwatch,425501792,NE,Dawes,1284.0,1605000.0,1250.0,"Crawford, NE, 69339, Dawes County",https://www.landwatch.com/dawes-county-nebraska-farms-and-ranches-for-sale/pid/425501792,,,1.0,0.762,0.792,0.5,0.5
70,0.7107,True,landwatch,426588492,NY,Nassau,1800.0,699000.0,388.33,"Long Beach, NY, 11561, Nassau County",https://www.landwatch.com/nassau-county-new-york-homes-for-sale/pid/426588492,,,1.0,0.57,0.935,0.5,0.5
71,0.71,True,landwatch,422302629,AR,Jefferson,580.0,870000.0,1500.0,"White Hall, AR, 71602, Jefferson County",https://www.landwatch.com/jefferson-county-arkansas-recreational-property-for-sale/pid/422302629,,,1.0,0.813,0.75,0.5,0.5
72,0.7097,True,landwatch,426583837,TN,Campbell,758.0,795900.0,1050.0,"Pioneer, TN, 37771, Campbell County",https://www.landwatch.com/campbell-county-tennessee-recreational-property-for-sale/pid/426583837,,,1.0,0.712,0.825,0.5,0.5
73,0.709,True,landsearch,5197220,OK,Custer,680.0,1360000.0,2000.0,"Canute, OK 73626",https://www.landsearch.com/properties/e-1040-rd-canute-ok-73626/5197220,,,1.0,0.92,0.667,0.5,0.5
74,0.7086,True,landwatch,426062865,NE,Gosper,636.0,1400000.0,2201.26,"Elwood, NE, 68937, Gosper County",https://www.landwatch.com/gosper-county-nebraska-farms-and-ranches-for-sale/pid/426062865,,,1.0,0.963,0.633,0.5,0.5
75,0.707,True,landwatch,426059489,NY,Kings,1800.0,838000.0,465.56,"Brooklyn, NY, 11234, Kings County",https://www.landwatch.com/kings-county-new-york-homes-for-sale/pid/426059489,,,1.0,0.57,0.922,0.5,0.5
76,0.7059,True,landwatch,425549870,KS,Rooks,622.0,1300000.0,2090.03,"Woodston, KS, 67675, Rooks County",https://www.landwatch.com/rooks-county-kansas-farms-and-ranches-for-sale/pid/425549870,,,1.0,0.925,0.652,0.5,0.5
77,0.7047,True,landwatch,424342538,SD,Meade,1166.0,2250000.0,1929.67,"New Underwood, SD, 57761, Meade County",https://www.landwatch.com/meade-county-south-dakota-farms-and-ranches-for-sale/pid/424342538,,,1.0,0.884,0.678,0.5,0.5
78,0.7046,True,landwatch,425614533,NE,Hitchcock,1200.0,2130000.0,1775.0,"Palisade, NE, 69040, Hitchcock County",https://www.landwatch.com/hitchcock-county-nebraska-farms-and-ranches-for-sale/pid/425614533,,,1.0,0.849,0.704,0.5,0.5
79,0.7043,True,landsearch,5129831,KS,Pawnee,610.0,1208000.0,1980.33,"Burdett, KS 67523",https://www.landsearch.com/properties/burdett-ks-67523/5129831,,,1.0,0.893,0.67,0.5,0.5
80,0.7036,True,landwatch,422534036,IA,Iowa,2023.0,1900000.0,939.2,"Sioux City, IA, 51106, Iowa County",https://www.landwatch.com/iowa-county-iowa-commercial-property-for-sale/pid/422534036,,,1.0,0.659,0.843,0.5,0.5
81,0.7028,True,landwatch,425758484,TN,Perry,969.0,1162800.0,1200.0,"Linden, TN, 37096, Perry County",https://www.landwatch.com/perry-county-tennessee-recreational-property-for-sale/pid/425758484,,,1.0,0.713,0.8,0.5,0.5
82,0.7022,True,landwatch,426379865,KS,Kearny,546.0,686000.0,1256.41,"Lakin, KS, 67860, Kearny County",https://www.landwatch.com/kearny-county-kansas-farms-and-ranches-for-sale/pid/426379865,,,1.0,0.723,0.791,0.5,0.5
83,0.7005,True,landwatch,424095677,SD,Butte,1278.0,1914600.0,1498.12,"TBD Graf Road Newell, SD 57760",https://www.landwatch.com/butte-county-south-dakota-farms-and-ranches-for-sale/pid/424095677,,,1.0,0.769,0.75,0.5,0.5
84,0.7002,True,landwatch,420774618,TN,Scott,1272.0,1950000.0,1533.02,"Winfield, TN, 37892, Scott County",https://www.landwatch.com/scott-county-tennessee-recreational-property-for-sale/pid/420774618,,,1.0,0.775,0.744,0.5,0.5
85,0.6989,True,landwatch,424336789,KY,Carter,643.0,1600000.0,2488.34,"Hitchins, KY, 41146, Carter County",https://www.landwatch.com/carter-county-kentucky-farms-and-ranches-for-sale/pid/424336789,,,1.0,0.981,0.585,0.5,0.5
86,0.6989,True,landwatch,425965351,TN,Scott,1016.0,1524090.0,1500.09,"Huntsville, TN, 37756, Scott County",https://www.landwatch.com/scott-county-tennessee-undeveloped-land-for-sale/pid/425965351,,,1.0,0.761,0.75,0.5,0.5
87,0.6988,True,landwatch,426449587,NY,Kings,2000.0,1999999.0,1000.0,"Brooklyn, NY, 11225, Kings County",https://www.landwatch.com/kings-county-new-york-homes-for-sale/pid/426449587,,,1.0,0.65,0.833,0.5,0.5
88,0.6976,True,landwatch,424104841,KY,Cumberland,600.0,1200000.0,2000.0,"Burkesville, KY, 42717, Cumberland County",https://www.landwatch.com/cumberland-county-kentucky-homes-for-sale/pid/424104841,,,1.0,0.867,0.667,0.5,0.5
89,0.6973,True,landwatch,424330624,MS,Prentiss,701.0,1399000.0,1995.72,"Booneville, MS, 38829, Prentiss County",https://www.landwatch.com/prentiss-county-mississippi-recreational-property-for-sale/pid/424330624,,,1.0,0.864,0.667,0.5,0.5
90,0.697,True,landwatch,424335057,MS,Washington,1550.0,350000.0,225.81,"Winn Road Greenville, MS 38703",https://www.landwatch.com/washington-county-mississippi-hunting-property-for-sale/pid/424335057,,,1.0,0.47,0.962,0.5,0.5
91,0.6968,True,landwatch,424811753,MS,Yazoo,916.0,989000.0,1079.69,"Yazoo City, MS, 39194, Yazoo County",https://www.landwatch.com/yazoo-county-mississippi-recreational-property-for-sale/pid/424811753,,,1.0,0.658,0.82,0.5,0.5
92,0.6944,True,landwatch,426062326,NC,Duplin,1369.0,1650000.0,1205.26,"Mount Olive, NC, 28365, Duplin County",https://www.landwatch.com/duplin-county-north-carolina-recreational-property-for-sale/pid/426062326,,,1.0,0.675,0.799,0.5,0.5
93,0.6941,True,landwatch,423993892,NE,Custer,756.0,1060000.0,1402.12,"Arnold, NE, 69120, Custer County",https://www.landwatch.com/custer-county-nebraska-farms-and-ranches-for-sale/pid/423993892,,,1.0,0.717,0.766,0.5,0.5
94,0.6934,True,landwatch,423986024,MS,George,749.0,1123500.0,1500.0,"Lucedale, MS, 39452, George County",https://www.landwatch.com/george-county-mississippi-recreational-property-for-sale/pid/423986024,,,1.0,0.736,0.75,0.5,0.5
95,0.6931,True,landsearch,5077366,NE,Lincoln,1084.0,2100000.0,1937.27,"Brady, NE 69123",https://www.landsearch.com/properties/highway-30-brady-ne-69123/5077366,,,1.0,0.832,0.677,0.5,0.5
96,0.6913,True,landwatch,420403536,SD,Brown,711.0,1422000.0,2000.0,"Hecla, SD, 57446, Brown County",https://www.landwatch.com/brown-county-south-dakota-farms-and-ranches-for-sale/pid/420403536,,,1.0,0.837,0.667,0.5,0.5
97,0.6901,True,landandfarm,37572782,OK,Jackson,1130.0,2500000.0,2212.39,"Eldorado, OK, 73537",https://www.landandfarm.com/property/red-river-ranch-37572782/,,,1.0,0.879,0.631,0.5,0.5
98,0.6899,True,landwatch,423612469,VA,Franklin,669.0,1695000.0,2533.63,"Callaway, VA, 24067, Franklin County",https://www.landwatch.com/franklin-county-virginia-recreational-property-for-sale/pid/423612469,,,1.0,0.949,0.578,0.5,0.5
99,0.6899,True,landwatch,425283016,KS,Wallace,558.0,925000.0,1657.71,"Wallace, KS, 67761, Wallace County",https://www.landwatch.com/wallace-county-kansas-farms-and-ranches-for-sale/pid/425283016,,,1.0,0.755,0.724,0.5,0.5
100,0.6899,True,landwatch,421911359,MO,New Madrid,668.0,1700850.0,2546.18,"Portageville, MO, 63873, New Madrid County",https://www.landwatch.com/new-madrid-county-missouri-hunting-property-for-sale/pid/421911359,,,1.0,0.952,0.576,0.5,0.5
101,0.6896,True,landandfarm,40427100,KS,Graham,749.0,1183567.0,1580.2,"Bogue, KS, 67625",https://www.landandfarm.com/property/750-acre-graham-county-pasture-crp-40427100/,,,1.0,0.736,0.737,0.5,0.5
102,0.689,True,landandfarm,40123241,OK,Ellis,560.0,952000.0,1700.0,"Shattuck, OK, 73858",https://www.landandfarm.com/property/northwest-canyon-ranch-40123241/,,,1.0,0.76,0.717,0.5,0.5
103,0.6889,True,landwatch,424252719,KY,Jackson,757.0,1135000.0,1499.34,"Foxtown, KY, 40447, Jackson County",https://www.landwatch.com/jackson-county-kentucky-undeveloped-land-for-sale/pid/424252719,,,1.0,0.715,0.75,0.5,0.5
104,0.6877,True,landwatch,413366192,OK,Sequoyah,635.0,1669500.0,2629.13,"Minutes from Muskogee, OK",https://www.landwatch.com/sequoyah-county-oklahoma-recreational-property-for-sale/pid/413366192,,,1.0,0.96,0.562,0.5,0.5
105,0.6872,True,landwatch,426661248,MO,Howell,1107.0,2400000.0,2168.02,"West Plains, MO, 64775, Howell County",https://www.landwatch.com/howell-county-missouri-recreational-property-for-sale/pid/426661248,,,1.0,0.855,0.639,0.5,0.5
106,0.6866,True,landwatch,426022230,OK,Beaver,2080.0,2912000.0,1400.0,"Beaver, OK, 73932, Beaver County",https://www.landwatch.com/beaver-county-oklahoma-farms-and-ranches-for-sale/pid/426022230,,,1.0,0.682,0.767,0.5,0.5
107,0.6853,True,landwatch,426505779,NC,Hertford,615.0,1500000.0,2439.02,"Aulander, NC, 27805, Hertford County",https://www.landwatch.com/hertford-county-north-carolina-recreational-property-for-sale/pid/426505779,,,1.0,0.907,0.593,0.5,0.5
108,0.6844,True,landwatch,416711898,NE,Banner,843.0,845000.0,1002.37,"Gering, NE, 69341, Banner County",https://www.landwatch.com/banner-county-nebraska-farms-and-ranches-for-sale/pid/416711898,,,1.0,0.583,0.833,0.5,0.5
109,0.6841,True,landwatch,425579928,KS,Osborne,657.0,1839000.0,2799.09,"Waldo, KS, 67673, Osborne County",https://www.landwatch.com/osborne-county-kansas-farms-and-ranches-for-sale/pid/425579928,,,1.0,0.981,0.533,0.5,0.5
110,0.6837,True,landwatch,426500438,IA,Polk,1446.0,1550000.0,1071.92,"Urbandale, IA, 50323, Polk County",https://www.landwatch.com/polk-county-iowa-homes-for-sale/pid/426500438,,,1.0,0.596,0.821,0.5,0.5
111,0.6836,True,landwatch,426256610,KS,Pawnee,1131.0,2661600.0,2353.32,"Larned, KS, 67550, Pawnee County",https://www.landwatch.com/pawnee-county-kansas-farms-and-ranches-for-sale/pid/426256610,,,1.0,0.88,0.608,0.5,0.5
112,0.6835,True,landwatch,425510618,NE,Franklin,635.0,1725000.0,2716.54,"Bloomington, NE, 68929, Franklin County",https://www.landwatch.com/franklin-county-nebraska-farms-and-ranches-for-sale/pid/425510618,,,1.0,0.96,0.547,0.5,0.5
113,0.6833,True,landwatch,416716261,AR,Lafayette,704.0,1585282.0,2251.82,"Lewisville, AR, 71845, Lafayette County",https://www.landwatch.com/lafayette-county-arkansas-recreational-property-for-sale/pid/416716261,,,1.0,0.856,0.625,0.5,0.5
114,0.6832,True,landwatch,424838406,NE,Blaine,1007.0,1800000.0,1787.49,"Dunning, NE, 68833, Blaine County",https://www.landwatch.com/blaine-county-nebraska-farms-and-ranches-for-sale/pid/424838406,,,1.0,0.752,0.702,0.5,0.5
115,0.6831,True,landandfarm,38314184,MS,Tallahatchie,1484.0,1350000.0,909.7,"Oxberry, MS, 38940",https://www.landandfarm.com/property/lone-cypress-38314184/,,,1.0,0.556,0.848,0.5,0.5
116,0.6828,True,landwatch,422314466,KS,Barber,668.0,1800000.0,2694.61,"Lake City, KS, 67071, Barber County",https://www.landwatch.com/barber-county-kansas-farms-and-ranches-for-sale/pid/422314466,,,1.0,0.952,0.551,0.5,0.5
117,0.682,True,landwatch,426665774,NY,Nassau,1597.0,998000.0,624.92,"Glen Cove, NY, 11542, Nassau County",https://www.landwatch.com/nassau-county-new-york-homes-for-sale/pid/426665774,,,1.0,0.488,0.896,0.5,0.5
118,0.6819,True,landwatch,417936143,OK,Custer,979.0,1649615.0,1685.0,"Thomas, OK, 73669, Custer County",https://www.landwatch.com/custer-county-oklahoma-farms-and-ranches-for-sale/pid/417936143,,,1.0,0.723,0.719,0.5,0.5
119,0.6819,True,landwatch,425615094,TN,Henry,665.0,1828750.0,2750.0,"Springville, TN, 38256, Henry County",https://www.landwatch.com/henry-county-tennessee-timberland-property-for-sale/pid/425615094,,,1.0,0.96,0.542,0.5,0.5
120,0.681,True,landwatch,421766846,NE,Dawes,699.0,1650000.0,2360.52,"Chadron, NE, 69337, Dawes County",https://www.landwatch.com/dawes-county-nebraska-farms-and-ranches-for-sale/pid/421766846,,,1.0,0.869,0.607,0.5,0.5
121,0.6805,True,landandfarm,38522228,MO,Washington,730.0,1460000.0,2000.0,"Potosi, MO, 63664",https://www.landandfarm.com/property/730-acre-timber-tract-west-of-potosi-with-excellent-trail-system-and-hunti-38522228/,,,1.0,0.787,0.667,0.5,0.5
122,0.6801,True,landandfarm,37754676,OK,Latimer,611.0,1527500.0,2500.0,"Lequire, OK, 74552",https://www.landandfarm.com/property/611-acres-in-latimer-county-ok-37754676/,,,1.0,0.896,0.583,0.5,0.5
123,0.678,True,landwatch,424985810,KS,Comanche,624.0,1684800.0,2700.0,"Wilmore, KS, 67155, Comanche County",https://www.landwatch.com/comanche-county-kansas-farms-and-ranches-for-sale/pid/424985810,,,1.0,0.931,0.55,0.5,0.5
124,0.6778,True,landwatch,419564645,KY,Carter,544.0,949000.0,1744.49,"Grayson, KY, 41164, Carter County",https://www.landwatch.com/carter-county-kentucky-recreational-property-for-sale/pid/419564645,,,1.0,0.717,0.709,0.5,0.5
125,0.6773,True,landwatch,425347546,NY,Delaware,1184.0,2868000.0,2422.3,"Hancock, NY, 13783, Delaware County",https://www.landwatch.com/delaware-county-new-york-timberland-property-for-sale/pid/425347546,,,1.0,0.865,0.596,0.5,0.5
126,0.6765,True,landandfarm,40944446,OK,Kingfisher,560.0,1100000.0,1964.29,"Hitchcock, OK, 73744",https://www.landandfarm.com/property/county-line-560-kingfisher-blaine-counties-40944446/,,,1.0,0.76,0.673,0.5,0.5
127,0.6761,True,landwatch,422181987,NC,Brunswick,1388.0,2082000.0,1500.0,"Ash, NC, 28420, Brunswick County",https://www.landwatch.com/brunswick-county-north-carolina-farms-and-ranches-for-sale/pid/422181987,,,1.0,0.655,0.75,0.5,0.5
128,0.676,True,landwatch,422136104,WI,Price,917.0,1395000.0,1521.26,"Phillips, WI, 54555, Price County",https://www.landwatch.com/price-county-wisconsin-farms-and-ranches-for-sale/pid/422136104,,,1.0,0.659,0.746,0.5,0.5
129,0.6743,True,landwatch,424372071,MS,Prentiss,640.0,1900000.0,2968.75,"Booneville, MS, 38829, Prentiss County",https://www.landwatch.com/prentiss-county-mississippi-farms-and-ranches-for-sale/pid/424372071,,,1.0,0.973,0.505,0.5,0.5
130,0.6738,True,landwatch,425410682,OK,Custer,600.0,1500000.0,2500.0,"Butler, OK, 73625, Custer County",https://www.landwatch.com/custer-county-oklahoma-farms-and-ranches-for-sale/pid/425410682,,,1.0,0.867,0.583,0.5,0.5
131,0.6726,True,landwatch,422054761,MN,Lake,1040.0,2250000.0,2163.46,"Two Harbors, MN, 55616, Lake County",https://www.landwatch.com/lake-county-minnesota-recreational-property-for-sale/pid/422054761,,,1.0,0.786,0.639,0.5,0.5
132,0.6726,True,landwatch,422014955,KY,Wayne,1068.0,2450000.0,2294.01,"Betsey, KY, 42633, Wayne County",https://www.landwatch.com/wayne-county-kentucky-farms-and-ranches-for-sale/pid/422014955,,,1.0,0.815,0.618,0.5,0.5
133,0.6722,True,landsearch,4881783,ND,Adams,712.0,1701920.0,2390.34,"Reeder, ND 58649",https://www.landsearch.com/properties/reeder-nd-58649/4881783,,,1.0,0.835,0.602,0.5,0.5
134,0.672,True,landwatch,426323943,KS,Harper,638.0,1910211.0,2994.06,"Waldron, KS, 67150, Harper County",https://www.landwatch.com/harper-county-kansas-farms-and-ranches-for-sale/pid/426323943,,,1.0,0.968,0.501,0.5,0.5
135,0.6715,True,landsearch,3356937,AL,Colbert,622.0,1750000.0,2813.5,"Tuscumbia, AL 35674",https://www.landsearch.com/properties/underwood-mountain-rd-tuscumbia-al-35674/3356937,,,1.0,0.925,0.531,0.5,0.5
136,0.6714,True,landwatch,418746875,WI,Price,510.0,749900.0,1470.39,"Park Falls, WI, 54552, Price County",https://www.landwatch.com/price-county-wisconsin-recreational-property-for-sale/pid/418746875,,,1.0,0.627,0.755,0.5,0.5
137,0.6711,True,landandfarm,41218572,KS,Cheyenne,800.0,1086000.0,1357.5,"Saint Francis, KS, 67756",https://www.landandfarm.com/property/800-acres-cropland-grass-w-gas-production-cheyenne-county-kansas-41218572/,,,1.0,0.6,0.774,0.5,0.5
138,0.6691,True,landandfarm,40902733,MS,Leake,625.0,1812000.0,2899.2,"Acres Leake County, MS",https://www.landandfarm.com/property/-625-acres-leake-county-ms-40902733/,,,1.0,0.933,0.517,0.5,0.5
139,0.6676,True,landwatch,422675309,NE,Brown,640.0,1990000.0,3109.38,"Ainsworth, NE, 69210, Brown County",https://www.landwatch.com/brown-county-nebraska-hunting-property-for-sale/pid/422675309,,,1.0,0.973,0.482,0.5,0.5
140,0.6674,True,landwatch,419324072,TN,Benton,1355.0,2490000.0,1837.64,"Big Sandy, TN, 38221, Benton County",https://www.landwatch.com/benton-county-tennessee-recreational-property-for-sale/pid/419324072,,,1.0,0.689,0.694,0.5,0.5
141,0.6671,True,landwatch,423300009,OK,Pittsburg,720.0,1728000.0,2400.0,"Mcalester, OK, 74501, Pittsburg County",https://www.landwatch.com/pittsburg-county-oklahoma-undeveloped-land-for-sale/pid/423300009,,,1.0,0.813,0.6,0.5,0.5
142,0.6671,True,landwatch,422841785,OK,Haskell,691.0,1900000.0,2749.64,"Stigler, OK, 74462, Haskell County",https://www.landwatch.com/haskell-county-oklahoma-farms-and-ranches-for-sale/pid/422841785,,,1.0,0.891,0.542,0.5,0.5
143,0.6656,True,landwatch,419168188,NE,Hayes,917.0,1595000.0,1739.37,"Palisade, NE, 69040, Hayes County",https://www.landwatch.com/hayes-county-nebraska-farms-and-ranches-for-sale/pid/419168188,,,1.0,0.659,0.71,0.5,0.5
144,0.6643,True,landwatch,426012465,IL,Alexander,518.0,889000.0,1716.22,"Cairo, IL, 62914, Alexander County",https://www.landwatch.com/alexander-county-illinois-recreational-property-for-sale/pid/426012465,,,1.0,0.648,0.714,0.5,0.5
145,0.6631,True,landwatch,421130455,MS,Jones,543.0,1107900.0,2040.33,"Laurel, MS, 39443, Jones County",https://www.landwatch.com/jones-county-mississippi-recreational-property-for-sale/pid/421130455,,,1.0,0.715,0.66,0.5,0.5
146,0.663,True,landsearch,5211987,KY,Greenup,694.0,1943200.0,2800.0,"Argillite, KY 41121",https://www.landsearch.com/properties/694a-tunnel-ridge-rd-argillite-ky-41121/5211987,,,1.0,0.883,0.533,0.5,0.5
147,0.6611,True,landwatch,425834382,NY,Steuben,551.0,1200000.0,2177.86,"Canisteo, NY, 14823, Steuben County",https://www.landwatch.com/steuben-county-new-york-recreational-property-for-sale/pid/425834382,,,1.0,0.736,0.637,0.5,0.5
148,0.6611,True,landwatch,426527514,NE,Garden,813.0,1100000.0,1353.01,"Oshkosh, NE 69154",https://www.landwatch.com/garden-county-nebraska-farms-and-ranches-for-sale/pid/426527514,,,1.0,0.552,0.774,0.5,0.5
149,0.6595,True,landwatch,425147006,KY,Whitley,575.0,1437500.0,2500.0,"Williamsburg, KY, 40769, Whitley County",https://www.landwatch.com/whitley-county-kentucky-undeveloped-land-for-sale/pid/425147006,,,1.0,0.8,0.583,0.5,0.5
150,0.6593,True,landwatch,424890974,KS,Cowley,637.0,2069665.0,3249.08,"Arkansas City, KS, 67005, Cowley County",https://www.landwatch.com/cowley-county-kansas-farms-and-ranches-for-sale/pid/424890974,,,1.0,0.965,0.458,0.5,0.5
151,0.6586,True,landsearch,5086395,OK,Pittsburg,785.0,1413000.0,1800.0,"Stuart, OK 74570",https://www.landsearch.com/properties/n-3910-rd-stuart-ok-74570/5086395,,,1.0,0.64,0.7,0.5,0.5
152,0.6583,True,landwatch,425818917,AL,Bibb,730.0,1800000.0,2465.75,"Eoline, AL, 35042, Bibb County",https://www.landwatch.com/bibb-county-alabama-farms-and-ranches-for-sale/pid/425818917,,,1.0,0.787,0.589,0.5,0.5
153,0.6579,True,landwatch,425510200,KY,Cumberland,600.0,1700000.0,2833.33,"Burkesville, KY, 42717, Cumberland County",https://www.landwatch.com/cumberland-county-kentucky-recreational-property-for-sale/pid/425510200,,,1.0,0.867,0.528,0.5,0.5
154,0.6552,True,landandfarm,40186425,AL,Washington,1066.0,2823945.0,2649.1,"Vinegar Bend, AL, 36584",https://www.landandfarm.com/property/walley-vinegar-bend-hunting-timber-investment-40186425/,,,1.0,0.813,0.558,0.5,0.5
155,0.6546,True,landwatch,424072375,NE,Dawes,1319.0,2998087.0,2273.0,"Crawford, NE 69339",https://www.landwatch.com/dawes-county-nebraska-farms-and-ranches-for-sale/pid/424072375,,,1.0,0.726,0.621,0.5,0.5
156,0.6539,True,landsearch,5218114,AL,Bibb,573.0,1486369.0,2594.01,"Centreville, AL 35042",https://www.landsearch.com/properties/centreville-al-35042/5218114,,,1.0,0.795,0.568,0.5,0.5
157,0.6539,True,landwatch,425227483,OK,Okfuskee,635.0,2120000.0,3338.58,"Okemah, OK, 74859, Okfuskee County",https://www.landwatch.com/okfuskee-county-oklahoma-farms-and-ranches-for-sale/pid/425227483,,,1.0,0.96,0.444,0.5,0.5
158,0.6526,True,landwatch,424915064,NC,Robeson,517.0,1008150.0,1950.0,"Orrum, NC, 28369, Robeson County",https://www.landwatch.com/robeson-county-north-carolina-recreational-property-for-sale/pid/424915064,,,1.0,0.645,0.675,0.5,0.5
159,0.6522,True,landwatch,425240355,NE,Lincoln,1477.0,2350000.0,1591.06,"Brady, NE, 69123, Lincoln County",https://www.landwatch.com/lincoln-county-nebraska-farms-and-ranches-for-sale/pid/425240355,,,1.0,0.564,0.735,0.5,0.5
160,0.6518,True,landandfarm,34562173,AR,Pike,676.0,2197487.0,3250.72,"Nashville, AR, 71852",https://www.landandfarm.com/property/plaster-bluff-34562173/,,,1.0,0.931,0.458,0.5,0.5
161,0.6517,True,landwatch,418562992,OK,Sequoyah,735.0,1869400.0,2543.4,"Webbers Falls, OK, 74435, Sequoyah County",https://www.landwatch.com/sequoyah-county-oklahoma-lakefront-property-for-sale/pid/418562992,,,1.0,0.773,0.576,0.5,0.5
162,0.6517,True,landwatch,421805394,MI,Charlevoix,561.0,1400000.0,2495.54,"Beaver Island, MI, 49782, Charlevoix County",https://www.landwatch.com/charlevoix-county-michigan-undeveloped-land-for-sale/pid/421805394,,,1.0,0.763,0.584,0.5,0.5
163,0.6516,True,landwatch,425556545,MS,Greene,1023.0,2584454.0,2526.35,"Neely, MS, 39461, Greene County",https://www.landwatch.com/greene-county-mississippi-farms-and-ranches-for-sale/pid/425556545,,,1.0,0.769,0.579,0.5,0.5
164,0.6508,True,landsearch,3892690,ND,Sargent,960.0,2160000.0,2250.0,"Ludden, ND 58474",https://www.landsearch.com/properties/119th-ave-se-ludden-nd-58474/3892690,,,1.0,0.704,0.625,0.5,0.5
165,0.6505,True,landwatch,418364860,VA,Pulaski,1732.0,2650000.0,1530.02,"Draper, VA, 24324, Pulaski County",https://www.landwatch.com/pulaski-county-virginia-recreational-property-for-sale/pid/418364860,,,1.0,0.542,0.745,0.5,0.5
166,0.6494,True,landandfarm,39178313,MS,Hancock,827.0,1375000.0,1662.64,"Bay Saint Louis, MS, 39520",https://www.landandfarm.com/property/large-hunting-and-recreational-property-near-the-coast-with-duck-deer-hog-39178313/,,,1.0,0.567,0.723,0.5,0.5
167,0.6491,True,landwatch,424702278,AL,Escambia,594.0,1750000.0,2946.13,"Flomaton, AL, 36441, Escambia County",https://www.landwatch.com/escambia-county-alabama-recreational-property-for-sale/pid/424702278,,,1.0,0.851,0.509,0.5,0.5
168,0.6477,True,landwatch,425269298,AL,Barbour,736.0,1925000.0,2615.49,"Midway, AL, 36053, Barbour County",https://www.landwatch.com/barbour-county-alabama-hunting-property-for-sale/pid/425269298,,,1.0,0.771,0.564,0.5,0.5
169,0.6471,True,landwatch,425830280,OK,Pontotoc,585.0,1684800.0,2880.0,"Byng, OK, 74820, Pontotoc County",https://www.landwatch.com/pontotoc-county-oklahoma-recreational-property-for-sale/pid/425830280,,,1.0,0.827,0.52,0.5,0.5
170,0.6471,True,landwatch,418483928,MI,Iron,728.0,1984000.0,2725.27,"Iron River, MI, 49935, Iron County",https://www.landwatch.com/iron-county-michigan-undeveloped-land-for-sale/pid/418483928,,,1.0,0.792,0.546,0.5,0.5
171,0.647,True,landwatch,420375745,TN,Scott,813.0,1340938.0,1649.37,"Winfield, TN, 37892, Scott County",https://www.landwatch.com/scott-county-tennessee-recreational-property-for-sale/pid/420375745,,,1.0,0.552,0.725,0.5,0.5
172,0.6462,True,landwatch,425263834,SD,Perkins,880.0,1738000.0,1975.0,"Lodgepole, SD, 57640, Perkins County",https://www.landwatch.com/perkins-county-south-dakota-farms-and-ranches-for-sale/pid/425263834,,,1.0,0.621,0.671,0.5,0.5
173,0.644,True,landwatch,426186998,OK,Harper,989.0,2500000.0,2527.81,"Woodward, OK, 73801, Harper County",https://www.landwatch.com/harper-county-oklahoma-farms-and-ranches-for-sale/pid/426186998,,,1.0,0.734,0.579,0.5,0.5
174,0.6439,True,landsearch,5011698,AL,Perry,631.0,2208500.0,3500.0,"Suttle, AL 36701",https://www.landsearch.com/properties/suttle-al-36701/5011698,,,1.0,0.949,0.417,0.5,0.5
175,0.6437,True,landwatch,417729685,MS,Claiborne,1042.0,2896760.0,2780.0,"Port Gibson, MS, 39150, Claiborne County",https://www.landwatch.com/claiborne-county-mississippi-recreational-property-for-sale/pid/417729685,,,1.0,0.788,0.537,0.5,0.5
176,0.6431,True,landwatch,415820092,NY,Washington,759.0,1850000.0,2437.42,"Salem, NY, 12865, Washington County",https://www.landwatch.com/washington-county-new-york-timberland-property-for-sale/pid/415820092,,,1.0,0.709,0.594,0.5,0.5
177,0.6428,True,landwatch,424914832,NC,Robeson,870.0,1740000.0,2000.0,"Lumberton, NC, 28358, Robeson County",https://www.landwatch.com/robeson-county-north-carolina-recreational-property-for-sale/pid/424914832,,,1.0,0.611,0.667,0.5,0.5
178,0.6417,True,landwatch,426383684,VA,Middlesex,800.0,1580000.0,1975.0,"Jamaica, VA, 23079, Middlesex County",https://www.landwatch.com/middlesex-county-virginia-undeveloped-land-for-sale/pid/426383684,,,1.0,0.6,0.671,0.5,0.5
179,0.6413,True,landwatch,425767837,GA,Tattnall,1013.0,2730035.0,2695.0,"Glennville, GA, 30427, Tattnall County",https://www.landwatch.com/tattnall-county-georgia-recreational-property-for-sale/pid/425767837,,,1.0,0.758,0.551,0.5,0.5
180,0.6402,True,landsearch,5211966,KY,Greenup,566.0,1584000.0,2798.59,"Argillite, KY 41121",https://www.landsearch.com/properties/566a-tunnel-ridge-rd-argillite-ky-41121/5211966,,,1.0,0.776,0.534,0.5,0.5
181,0.6398,True,landandfarm,39799723,AR,Howard,1026.0,2860448.0,2787.96,"Dierks, AR, 71833",https://www.landandfarm.com/property/saline-river-39799723/,,,1.0,0.772,0.535,0.5,0.5
182,0.6388,True,landwatch,425678733,MO,Phelps,678.0,2372335.0,3499.02,"Dixon, MO, 65459, Phelps County",https://www.landwatch.com/phelps-county-missouri-farms-and-ranches-for-sale/pid/425678733,,,1.0,0.925,0.417,0.5,0.5
183,0.6384,True,landandfarm,35706352,MS,Lauderdale,829.0,1577160.0,1902.48,"Off Peavy Road, LO",https://www.landandfarm.com/property/hunter-s-paradise-and-development-opportunity-35706352/,,,1.0,0.569,0.683,0.5,0.5
184,0.6379,True,landsearch,4828919,NE,Furnas,742.0,2040500.0,2750.0,"Oxford, NE 68967",https://www.landsearch.com/properties/718-road-oxford-ne-68967/4828919,,,1.0,0.755,0.542,0.5,0.5
185,0.6372,True,landsearch,5209825,TN,Benton,739.0,2070000.0,2801.08,"Big Sandy, TN 38221",https://www.landsearch.com/properties/sandys-camp-rd-big-sandy-tn-38221/5209825,,,1.0,0.763,0.533,0.5,0.5
186,0.6366,True,landwatch,425747187,AR,Sharp,800.0,1665300.0,2081.62,"Hardy, AR, 72542, Sharp County",https://www.landwatch.com/sharp-county-arkansas-recreational-property-for-sale/pid/425747187,,,1.0,0.6,0.653,0.5,0.5
187,0.6366,True,landwatch,423206650,TN,Mcnairy,946.0,2350000.0,2484.14,"Pocahontas, TN, 38061, McNairy County",https://www.landwatch.com/mcnairy-county-tennessee-recreational-property-for-sale/pid/423206650,,,1.0,0.689,0.586,0.5,0.5
188,0.6364,True,landwatch,422140175,VA,Smyth,700.0,2300000.0,3285.71,"Saltville, VA, 24370, Smyth County",https://www.landwatch.com/smyth-county-virginia-undeveloped-land-for-sale/pid/422140175,,,1.0,0.867,0.452,0.5,0.5
189,0.6353,True,landwatch,422135751,GA,Taylor,660.0,2500000.0,3787.88,"Butler, GA, 31066, Taylor County",https://www.landwatch.com/taylor-county-georgia-timberland-property-for-sale/pid/422135751,,,1.0,0.973,0.369,0.5,0.5
190,0.6348,True,landwatch,424471133,MN,Kittson,801.0,1481480.0,1849.54,"Lake Bronson, MN, 56734, Kittson County",https://www.landwatch.com/kittson-county-minnesota-farms-and-ranches-for-sale/pid/424471133,,,1.0,0.54,0.692,0.5,0.5
191,0.6347,True,landwatch,426497580,AL,Choctaw,785.0,1807000.0,2301.91,"Butler, AL, 36904, Choctaw County",https://www.landwatch.com/choctaw-county-alabama-recreational-property-for-sale/pid/426497580,,,1.0,0.64,0.616,0.5,0.5
192,0.6338,True,landwatch,423118047,KY,Livingston,718.0,2243750.0,3125.0,"Salem, KY, 42078, Livingston County",https://www.landwatch.com/livingston-county-kentucky-recreational-property-for-sale/pid/423118047,,,1.0,0.819,0.479,0.5,0.5
193,0.6321,True,landwatch,424581867,MS,Pearl River,832.0,1705200.0,2049.52,"Picayune, MS, 39466, Pearl River County",https://www.landwatch.com/pearl-river-county-mississippi-recreational-property-for-sale/pid/424581867,,,1.0,0.572,0.658,0.5,0.5
194,0.6315,True,landwatch,425058928,GA,Brantley,953.0,2500000.0,2623.29,"Nahunta, GA, 31553, Brantley County",https://www.landwatch.com/brantley-county-georgia-farms-and-ranches-for-sale/pid/425058928,,,1.0,0.697,0.563,0.5,0.5
195,0.6309,True,landsearch,5152050,MS,Webster,836.0,1750000.0,2093.3,"Eupora, MS 39744",https://www.landsearch.com/properties/1711-us-82-eupora-ms-39744/5152050,,,1.0,0.576,0.651,0.5,0.5
196,0.6284,True,landwatch,424592521,SD,Corson,1508.0,2400000.0,1591.51,"Morristown, SD, 57645, Corson County",https://www.landwatch.com/corson-county-south-dakota-farms-and-ranches-for-sale/pid/424592521,,,1.0,0.453,0.735,0.5,0.5
197,0.6277,True,landwatch,422860966,WI,Taylor,611.0,2200000.0,3600.65,"Gilman, WI, 54433, Taylor County",https://www.landwatch.com/taylor-county-wisconsin-recreational-property-for-sale/pid/422860966,,,1.0,0.896,0.4,0.5,0.5
198,0.6271,True,landwatch,425460490,NC,Jones,530.0,1400000.0,2641.51,"Maysville, NC, 28555, Jones County",https://www.landwatch.com/jones-county-north-carolina-recreational-property-for-sale/pid/425460490,,,1.0,0.68,0.56,0.5,0.5
199,0.6268,True,landwatch,426021645,KY,Hopkins,576.0,1843200.0,3200.0,"Nortonville, KY, 42442, Hopkins County",https://www.landwatch.com/hopkins-county-kentucky-farms-and-ranches-for-sale/pid/426021645,,,1.0,0.803,0.467,0.5,0.5
200,0.6262,True,landwatch,426460959,AL,Blount,700.0,2450000.0,3500.0,"Remlap, AL, 35133, Blount County",https://www.landwatch.com/blount-county-alabama-recreational-property-for-sale/pid/426460959,,,1.0,0.867,0.417,0.5,0.5
201,0.6256,True,landwatch,423920586,GA,Clay,582.0,1919000.0,3297.25,"Fort Gaines, GA, 39851, Clay County",https://www.landwatch.com/clay-county-georgia-recreational-property-for-sale/pid/423920586,,,1.0,0.819,0.45,0.5,0.5
202,0.625,True,landsearch,5227975,AR,Searcy,780.0,2000000.0,2564.1,"Leslie, AR 72645",https://www.landsearch.com/properties/319-gooseberry-ln-leslie-ar-72645/5227975,,,1.0,0.653,0.573,0.5,0.5
203,0.625,True,landsearch,5086384,KS,Graham,519.0,1325000.0,2552.99,"Damar, KS 67632",https://www.landsearch.com/properties/l-rd-damar-ks-67632/5086384,,,1.0,0.651,0.575,0.5,0.5
204,0.6248,True,landwatch,423633133,AL,Marengo,608.0,2204000.0,3625.0,"Sweet Water, AL, 36782, Marengo County",https://www.landwatch.com/marengo-county-alabama-recreational-property-for-sale/pid/423633133,,,1.0,0.888,0.396,0.5,0.5
205,0.6242,True,landwatch,420688283,AR,Searcy,530.0,1432134.0,2702.14,"Snowball, AR, 72650, Searcy County",https://www.landwatch.com/searcy-county-arkansas-recreational-property-for-sale/pid/420688283,,,1.0,0.68,0.55,0.5,0.5
206,0.6239,True,landandfarm,35516323,MS,Lauderdale,849.0,1952535.0,2299.81,"Chunky, MS, 39364",https://www.landandfarm.com/property/chunky-river-properties-35516323/,,,1.0,0.589,0.617,0.5,0.5
207,0.6237,True,landwatch,425292414,KS,Chautauqua,572.0,1840000.0,3216.78,"Sedan, KS, 67361, Chautauqua County",https://www.landwatch.com/chautauqua-county-kansas-farms-and-ranches-for-sale/pid/425292414,,,1.0,0.792,0.464,0.5,0.5
208,0.622,True,landsearch,4951762,VA,Franklin,788.0,1995000.0,2531.73,"Callaway, VA 24067",https://www.landsearch.com/properties/dugspur-rd-callaway-va-24067/4951762,,,1.0,0.632,0.578,0.5,0.5
209,0.6217,True,landwatch,424914840,GA,Gordon,584.0,1987470.0,3403.2,"Fairmount, GA, 30139, Gordon County",https://www.landwatch.com/gordon-county-georgia-recreational-property-for-sale/pid/424914840,,,1.0,0.824,0.433,0.5,0.5
210,0.6213,True,landsearch,5204325,TX,Hardin,523.0,1400594.0,2678.0,"Saratoga, TX",https://www.landsearch.com/properties/saratoga-tx/5204325,,,1.0,0.661,0.554,0.5,0.5
211,0.6211,True,landwatch,426051623,TN,Grundy,574.0,1891659.0,3295.57,"Palmer, TN, 37365, Grundy County",https://www.landwatch.com/grundy-county-tennessee-farms-and-ranches-for-sale/pid/426051623,,,1.0,0.797,0.451,0.5,0.5
212,0.6202,True,landsearch,5083727,MS,Union,731.0,2378532.0,3253.81,"New Albany, MS 38627",https://www.landsearch.com/properties/new-albany-ms-38627/5083727,,,1.0,0.784,0.458,0.5,0.5
213,0.6197,True,landwatch,424698326,AR,Carroll,532.0,1500000.0,2819.55,"Berryville, AR, 72616, Carroll County",https://www.landwatch.com/carroll-county-arkansas-farms-and-ranches-for-sale/pid/424698326,,,1.0,0.685,0.53,0.5,0.5
214,0.6196,True,landwatch,425534491,OK,Greer,800.0,1950000.0,2437.5,"Reed, OK, 73550, Greer County",https://www.landwatch.com/greer-county-oklahoma-farms-and-ranches-for-sale/pid/425534491,,,1.0,0.6,0.594,0.5,0.5
215,0.6181,True,landwatch,424993991,KS,Osborne,865.0,2159173.0,2496.15,"Natoma, KS, 67651, Osborne County",https://www.landwatch.com/osborne-county-kansas-farms-and-ranches-for-sale/pid/424993991,,,1.0,0.606,0.584,0.5,0.5
216,0.6177,True,landsearch,4770277,AL,Marion,506.0,1290000.0,2549.41,"Phil Campbell, AL 35581",https://www.landsearch.com/properties/65400-state-route-172-phil-campbell-al-35581/4770277,,,1.0,0.616,0.575,0.5,0.5
217,0.6176,True,landandfarm,41294800,GA,Heard,715.0,2502500.0,3500.0,"Franklin, GA, 30217",https://www.landandfarm.com/property/715-acres-in-heard-county-41294800/,,,1.0,0.827,0.417,0.5,0.5
218,0.617,True,landandfarm,34605257,TN,Henderson,818.0,1882159.0,2300.93,"Wildersville, TN, 38388",https://www.landandfarm.com/property/818-acres-of-prime-wildlife-habitat-34605257/,,,1.0,0.558,0.617,0.5,0.5
219,0.6167,True,landandfarm,37986790,OK,Dewey,800.0,2000000.0,2500.0,"Leedey, OK, 73654",https://www.landandfarm.com/property/barnitz-creek-ranch-37986790/,,,1.0,0.6,0.583,0.5,0.5
220,0.6161,True,landwatch,426212530,SD,Tripp,720.0,2500000.0,3472.22,"Hamill, SD, 57534, Tripp County",https://www.landwatch.com/tripp-county-south-dakota-farms-and-ranches-for-sale/pid/426212530,,,1.0,0.813,0.421,0.5,0.5
221,0.616,True,landwatch,425062740,PA,Tioga,505.0,1300000.0,2574.26,"Westfield, PA, 16950, Tioga County",https://www.landwatch.com/tioga-county-pennsylvania-recreational-property-for-sale/pid/425062740,,,1.0,0.613,0.571,0.5,0.5
222,0.6151,True,landsearch,4948663,KY,Hickman,976.0,3000000.0,3073.77,"Columbus, KY 42032",https://www.landsearch.com/properties/columbus-ky-42032/4948663,,,1.0,0.72,0.488,0.5,0.5
223,0.6138,True,landwatch,425719934,TN,Stewart,900.0,2475000.0,2750.0,"Stewart, TN, 37175, Stewart County",https://www.landwatch.com/stewart-county-tennessee-timberland-property-for-sale/pid/425719934,,,1.0,0.642,0.542,0.5,0.5
224,0.6128,True,landsearch,5041722,AL,Elmore,570.0,1950000.0,3421.05,"Wetumpka, AL 36093",https://www.landsearch.com/properties/jug-factory-rd-wetumpka-al-36093/5041722,,,1.0,0.787,0.43,0.5,0.5
225,0.612,True,landwatch,421061982,MS,Madison,750.0,2399000.0,3198.67,"Pickens, MS, 39146, Madison County",https://www.landwatch.com/madison-county-mississippi-recreational-property-for-sale/pid/421061982,,,1.0,0.733,0.467,0.5,0.5
226,0.6117,True,landwatch,425845621,MI,Otsego,680.0,2750000.0,4044.12,"Johannesburg, MI, 49751, Otsego County",https://www.landwatch.com/otsego-county-michigan-undeveloped-land-for-sale/pid/425845621,,,1.0,0.92,0.326,0.5,0.5
227,0.609,True,landwatch,426314564,OK,Kingfisher,782.0,2250000.0,2877.24,"Loyal, OK, 73756, Kingfisher County",https://www.landwatch.com/kingfisher-county-oklahoma-farms-and-ranches-for-sale/pid/426314564,,,1.0,0.648,0.52,0.5,0.5
228,0.6065,True,landwatch,424865268,AR,Fulton,750.0,2485000.0,3313.33,"Viola, AR, 72583, Fulton County",https://www.landwatch.com/fulton-county-arkansas-recreational-property-for-sale/pid/424865268,,,1.0,0.733,0.448,0.5,0.5
229,0.6063,True,landsearch,4871728,ND,McLean,600.0,2350000.0,3916.67,"Butte, ND 58723",https://www.landsearch.com/properties/8th-ave-nw-butte-nd-58723/4871728,,,1.0,0.867,0.347,0.5,0.5
230,0.6057,True,landwatch,426040892,MS,Clarke,711.0,2700000.0,3797.47,"Shubuta, MS, 39360, Clarke County",https://www.landwatch.com/clarke-county-mississippi-hunting-property-for-sale/pid/426040892,,,1.0,0.837,0.367,0.5,0.5
231,0.6052,True,landwatch,424132913,WI,Langlade,612.0,2500000.0,4084.97,"Gleason, WI, 54435, Langlade County",https://www.landwatch.com/langlade-county-wisconsin-lakefront-property-for-sale/pid/424132913,,,1.0,0.899,0.319,0.5,0.5
232,0.6049,True,landwatch,425732448,KS,Mcpherson,513.0,1489000.0,2902.53,"Windom, KS, 67491, McPherson County",https://www.landwatch.com/mcpherson-county-kansas-farms-and-ranches-for-sale/pid/425732448,,,1.0,0.635,0.516,0.5,0.5
233,0.6048,True,landwatch,425778139,VA,Charlotte,769.0,2400000.0,3120.94,"Charlotte Court House, VA, 23923, Charlotte County",https://www.landwatch.com/charlotte-county-virginia-recreational-property-for-sale/pid/425778139,,,1.0,0.683,0.48,0.5,0.5
234,0.6048,True,landwatch,421363824,MO,Dent,881.0,2511705.0,2850.97,"Jadwin, MO, 65501, Dent County",https://www.landwatch.com/dent-county-missouri-farms-and-ranches-for-sale/pid/421363824,,,1.0,0.622,0.525,0.5,0.5
235,0.6041,True,landwatch,425707444,OK,Pittsburg,771.0,2399999.0,3112.84,"Daisy, OK, 74540, Pittsburg County",https://www.landwatch.com/pittsburg-county-oklahoma-farms-and-ranches-for-sale/pid/425707444,,,1.0,0.677,0.481,0.5,0.5
236,0.6038,True,landandfarm,35111441,KY,Lewis,832.0,2200000.0,2644.23,"Vanceburg, KY, 41179",https://www.landandfarm.com/property/farms-vanceburg-ky-35111441/,,,1.0,0.572,0.559,0.5,0.5
237,0.6038,True,landwatch,423691060,KS,Pottawatomie,644.0,2897280.0,4498.88,"Manhattan, KS, 66502, Pottawatomie County",https://www.landwatch.com/pottawatomie-county-kansas-farms-and-ranches-for-sale/pid/423691060,,,1.0,0.984,0.25,0.5,0.5
238,0.6034,True,landwatch,425683148,OK,Grady,610.0,2500000.0,4098.36,"Rush Springs, OK, 73082, Grady County",https://www.landwatch.com/grady-county-oklahoma-farms-and-ranches-for-sale/pid/425683148,,,1.0,0.893,0.317,0.5,0.5
239,0.6006,True,landwatch,423641609,AL,Wilcox,520.0,1600000.0,3076.92,"Catherine, AL, 36728, Wilcox County",https://www.landwatch.com/wilcox-county-alabama-recreational-property-for-sale/pid/423641609,,,1.0,0.653,0.487,0.5,0.5
240,0.6006,True,landwatch,426568929,MN,Crow Wing,568.0,2074900.0,3652.99,"Emily, MN, 56447, Crow Wing County",https://www.landwatch.com/crow-wing-county-minnesota-hunting-property-for-sale/pid/426568929,,,1.0,0.781,0.391,0.5,0.5
241,0.6005,True,landandfarm,39082788,MS,Webster,509.0,1500315.0,2947.57,"Eupora, MS, 39744",https://www.landandfarm.com/property/webster-choctaw-big-black-river-hunting-timber-tract-508-acres-39082788/,,,1.0,0.624,0.509,0.5,0.5
242,0.5999,True,landwatch,425986502,NE,Custer,560.0,2000000.0,3571.43,"Oconto, NE, 68860, Custer County",https://www.landwatch.com/custer-county-nebraska-farms-and-ranches-for-sale/pid/425986502,,,1.0,0.76,0.405,0.5,0.5
243,0.5996,True,landwatch,426575916,OK,Grady,759.0,2542650.0,3350.0,"Marlow, OK, 73055, Grady County",https://www.landwatch.com/grady-county-oklahoma-farms-and-ranches-for-sale/pid/426575916,,,1.0,0.709,0.442,0.5,0.5
244,0.5996,True,landwatch,424899012,AL,Macon,758.0,2549000.0,3362.8,"Hardaway, AL, 36039, Macon County",https://www.landwatch.com/macon-county-alabama-farms-and-ranches-for-sale/pid/424899012,,,1.0,0.712,0.44,0.5,0.5
245,0.599,True,landwatch,424724856,AL,Crenshaw,578.0,2200000.0,3806.23,"Rutledge, AL, 36071, Crenshaw County",https://www.landwatch.com/crenshaw-county-alabama-farms-and-ranches-for-sale/pid/424724856,,,1.0,0.808,0.366,0.5,0.5
246,0.5989,True,landandfarm,36880415,AL,Lowndes,885.0,2649000.0,2993.22,"Letohatchee, AL, 36047",https://www.landandfarm.com/property/885-acres-in-lowndes-county-36880415/,,,1.0,0.627,0.501,0.5,0.5
247,0.5987,True,landandfarm,38596559,AL,Lowndes,864.0,2505600.0,2900.0,"Gordonville, AL, 36040",https://www.landandfarm.com/property/864-acres-lowndes-county-fostoria-tract-38596559/,,,1.0,0.605,0.517,0.5,0.5
248,0.5982,True,landwatch,426446829,MN,Pennington,760.0,2560000.0,3368.42,"Thief River Falls, MN, 56748, Pennington County",https://www.landwatch.com/pennington-county-minnesota-farms-and-ranches-for-sale/pid/426446829,,,1.0,0.707,0.439,0.5,0.5
249,0.5975,True,landwatch,423842469,GA,Irwin,629.0,2800000.0,4451.51,"Wray, GA, 31798, Irwin County",https://www.landwatch.com/irwin-county-georgia-farms-and-ranches-for-sale/pid/423842469,,,1.0,0.944,0.258,0.5,0.5
250,0.5972,True,landwatch,426340513,KY,Lawrence,552.0,1950000.0,3532.61,"Louisa, KY, 41230, Lawrence County",https://www.landwatch.com/lawrence-county-kentucky-farms-and-ranches-for-sale/pid/426340513,,,1.0,0.739,0.411,0.5,0.5
251,0.5963,True,landwatch,425931622,TX,Childress,525.0,1695000.0,3228.57,"Childress, TX, 79201, Childress County",https://www.landwatch.com/childress-county-texas-farms-and-ranches-for-sale/pid/425931622,,,1.0,0.667,0.462,0.5,0.5
252,0.5955,True,landwatch,425510631,OK,Creek,855.0,2500000.0,2923.98,"Oilton, OK, 74030, Creek County",https://www.landwatch.com/creek-county-oklahoma-farms-and-ranches-for-sale/pid/425510631,,,1.0,0.596,0.513,0.5,0.5
253,0.5953,True,landwatch,424915005,TN,Maury,742.0,2704590.0,3645.0,"Mount Pleasant, TN, 38461, Maury County",https://www.landwatch.com/maury-county-tennessee-recreational-property-for-sale/pid/424915005,,,1.0,0.755,0.392,0.5,0.5
254,0.5944,True,landandfarm,41021833,KS,Chautauqua,704.0,2900000.0,4119.32,"Cedar Vale, KS, 67024",https://www.landandfarm.com/property/otter-creek-ranch-41021833/,,,1.0,0.856,0.313,0.5,0.5
255,0.5937,True,landwatch,421288681,AL,Chilton,572.0,2200000.0,3846.15,"Verbena, AL, 36091, Chilton County",https://www.landwatch.com/chilton-county-alabama-recreational-property-for-sale/pid/421288681,,,1.0,0.792,0.359,0.5,0.5
256,0.593,True,landwatch,423718899,VA,Suffolk City,553.0,2009448.0,3633.72,"Suffolk, VA, 23434, Suffolk City County",https://www.landwatch.com/suffolk-city-county-virginia-recreational-property-for-sale/pid/423718899,,,1.0,0.741,0.394,0.5,0.5
257,0.5925,True,landsearch,5003229,SD,Mellette,640.0,3000000.0,4687.5,"Winner, SD 57580",https://www.landsearch.com/properties/291st-ave-winner-sd-57580/5003229,,,1.0,0.973,0.219,0.5,0.5
258,0.5912,True,landwatch,423508066,KS,Morton,566.0,2166000.0,3826.86,"Rolla, KS, 67954, Morton County",https://www.landwatch.com/morton-county-kansas-farms-and-ranches-for-sale/pid/423508066,,,1.0,0.776,0.362,0.5,0.5
259,0.5902,True,landwatch,426305359,NE,Webster,804.0,2250444.0,2799.06,"Red Cloud, NE, 68970, Webster County",https://www.landwatch.com/webster-county-nebraska-farms-and-ranches-for-sale/pid/426305359,,,1.0,0.543,0.533,0.5,0.5
260,0.5899,True,landwatch,426524478,TN,Johnson,708.0,2950000.0,4166.67,"Mountain City, TN, 37683, Johnson County",https://www.landwatch.com/johnson-county-tennessee-recreational-property-for-sale/pid/426524478,,,1.0,0.845,0.306,0.5,0.5
261,0.5898,True,landwatch,426459314,AR,Lonoke,628.0,2888800.0,4600.0,"Lonoke, AR, 72086, Lonoke County",https://www.landwatch.com/lonoke-county-arkansas-farms-and-ranches-for-sale/pid/426459314,,,1.0,0.941,0.233,0.5,0.5
262,0.5893,True,landwatch,423557864,OK,Washington,769.0,2650000.0,3446.03,"Ramona, OK, 74061, Washington County",https://www.landwatch.com/washington-county-oklahoma-farms-and-ranches-for-sale/pid/423557864,,,1.0,0.683,0.426,0.5,0.5
263,0.5893,True,landandfarm,40830849,OK,Adair,590.0,2451405.0,4154.92,"Tahlequah, OK, 74464",https://www.landandfarm.com/property/langley-river-and-hunting-ranch-for-sale-590-acres-adair-co-ok-40830849/,,,1.0,0.84,0.308,0.5,0.5
264,0.586,True,landwatch,424717332,NE,Brown,633.0,3000000.0,4739.34,"Long Pine, NE 69217",https://www.landwatch.com/brown-county-nebraska-farms-and-ranches-for-sale/pid/424717332,,,1.0,0.955,0.21,0.5,0.5
265,0.5855,True,landwatch,424470840,GA,Screven,558.0,2148176.0,3849.78,"Sylvania, GA, 30467, Screven County",https://www.landwatch.com/screven-county-georgia-recreational-property-for-sale/pid/424470840,,,1.0,0.755,0.358,0.5,0.5
266,0.5854,True,landwatch,425823674,AL,Cullman,713.0,2994600.0,4200.0,"Arkadelphia, AL, 35077, Cullman County",https://www.landwatch.com/cullman-county-alabama-farms-and-ranches-for-sale/pid/425823674,,,1.0,0.832,0.3,0.5,0.5
267,0.5847,True,landwatch,425835607,IL,Gallatin,598.0,2600000.0,4347.83,"Equality, IL, 62934, Gallatin County",https://www.landwatch.com/gallatin-county-illinois-recreational-property-for-sale/pid/425835607,,,1.0,0.861,0.275,0.5,0.5
268,0.5845,True,landandfarm,40131753,MS,Wilkinson,577.0,2365000.0,4098.79,"Woodville, MS, 39669",https://www.landandfarm.com/property/vacant-land-woodville-ms-40131753/,,,1.0,0.805,0.317,0.5,0.5
269,0.5844,True,landwatch,422753168,MS,Attala,631.0,2997450.0,4750.32,"West, MS, 39192, Attala County",https://www.landwatch.com/attala-county-mississippi-recreational-property-for-sale/pid/422753168,,,1.0,0.949,0.208,0.5,0.5
270,0.5837,True,landwatch,418129952,AL,Tallapoosa,609.0,2740500.0,4500.0,"Reeltown, AL, 36078, Tallapoosa County",https://www.landwatch.com/tallapoosa-county-alabama-recreational-property-for-sale/pid/418129952,,,1.0,0.891,0.25,0.5,0.5
271,0.5836,True,landwatch,423609052,MO,Adair,565.0,2245875.0,3975.0,"Green Castle, MO, 63544, Adair County",https://www.landwatch.com/adair-county-missouri-recreational-property-for-sale/pid/423609052,,,1.0,0.773,0.338,0.5,0.5
272,0.5835,True,landandfarm,37782196,MO,Franklin,824.0,2500000.0,3033.98,"Sullivan, MO, 63080",https://www.landandfarm.com/property/long-ridge-824-37782196/,,,1.0,0.564,0.494,0.5,0.5
273,0.5829,True,landwatch,425789824,AR,Boone,837.0,2600000.0,3106.33,"Harrison, AR, 72601, Boone County",https://www.landwatch.com/boone-county-arkansas-farms-and-ranches-for-sale/pid/425789824,,,1.0,0.577,0.482,0.5,0.5
274,0.5824,True,landwatch,426575423,TN,Mcnairy,540.0,1998000.0,3700.0,"Selmer, TN, 38375, McNairy County",https://www.landwatch.com/mcnairy-county-tennessee-recreational-property-for-sale/pid/426575423,,,1.0,0.707,0.383,0.5,0.5
275,0.5821,True,landwatch,426051629,KS,Kiowa,832.0,2579200.0,3100.0,"Mullinville, KS, 67109, Kiowa County",https://www.landwatch.com/kiowa-county-kansas-farms-and-ranches-for-sale/pid/426051629,,,1.0,0.572,0.483,0.5,0.5
276,0.5817,True,landwatch,426517143,AL,Lowndes,518.0,1787100.0,3450.0,"Mount Willing, AL, 36032, Lowndes County",https://www.landwatch.com/lowndes-county-alabama-recreational-property-for-sale/pid/426517143,,,1.0,0.648,0.425,0.5,0.5
277,0.581,True,landsearch,5156873,GA,Webster,775.0,2750000.0,3548.39,"Preston, GA 31824",https://www.landsearch.com/properties/addie-dairy-rd-preston-ga-31824/5156873,,,1.0,0.667,0.409,0.5,0.5
278,0.5775,True,landwatch,424356534,AL,Baldwin,865.0,2897750.0,3350.0,"Tensaw, AL, 36579, Baldwin County",https://www.landwatch.com/baldwin-county-alabama-recreational-property-for-sale/pid/424356534,,,1.0,0.606,0.442,0.5,0.5
279,0.5768,True,landwatch,424973875,AL,Lowndes,524.0,1900000.0,3625.95,"Gordonville, AL, 36040, Lowndes County",https://www.landwatch.com/lowndes-county-alabama-recreational-property-for-sale/pid/424973875,,,1.0,0.664,0.396,0.5,0.5
280,0.5747,True,landwatch,425177342,NC,Caldwell,587.0,2597475.0,4425.0,"Lenoir, NC, 28645, Caldwell County",https://www.landwatch.com/caldwell-county-north-carolina-recreational-property-for-sale/pid/425177342,,,1.0,0.832,0.262,0.5,0.5
281,0.5718,True,landwatch,424881927,NE,Rock,775.0,2900000.0,3741.94,"Bassett, NE, 68714, Rock County",https://www.landwatch.com/rock-county-nebraska-farms-and-ranches-for-sale/pid/424881927,,,1.0,0.667,0.376,0.5,0.5
282,0.5704,True,landsearch,5202377,NY,Otsego,517.0,1900000.0,3675.05,"Morris, NY 13808",https://www.landsearch.com/properties/373-county-highway-10-morris-ny-13808/5202377,,,1.0,0.645,0.387,0.5,0.5
283,0.5702,True,landandfarm,38325505,OK,Stephens,585.0,2629575.0,4495.0,"Bray, OK, 73055",https://www.landandfarm.com/property/585-acre-farm-bray-ok-stephens-co-38325505/,,,1.0,0.827,0.251,0.5,0.5
284,0.5677,True,landwatch,414920411,MI,Marquette,523.0,1990000.0,3804.97,"Marquette, MI, 49855, Marquette County",https://www.landwatch.com/marquette-county-michigan-homes-for-sale/pid/414920411,,,1.0,0.661,0.366,0.5,0.5
285,0.5675,True,landwatch,426070123,OH,Clermont,605.0,2900000.0,4793.39,"Felicity, OH, 45120, Clermont County",https://www.landwatch.com/clermont-county-ohio-undeveloped-land-for-sale/pid/426070123,,,1.0,0.88,0.201,0.5,0.5
286,0.5671,True,landwatch,419771821,OK,Okfuskee,538.0,2150000.0,3996.28,"Pharoah, OK, 74437, Okfuskee County",https://www.landwatch.com/okfuskee-county-oklahoma-farms-and-ranches-for-sale/pid/419771821,,,1.0,0.701,0.334,0.5,0.5
287,0.5667,True,landwatch,422744637,AL,Bullock,600.0,2850000.0,4750.0,"Union Springs, AL, 36089, Bullock County",https://www.landwatch.com/bullock-county-alabama-recreational-property-for-sale/pid/422744637,,,1.0,0.867,0.208,0.5,0.5
288,0.562,True,landwatch,425117102,SD,Gregory,525.0,2072368.0,3947.37,"Bonesteel, SD, 57335, Gregory County",https://www.landwatch.com/gregory-county-south-dakota-farms-and-ranches-for-sale/pid/425117102,,,1.0,0.667,0.342,0.5,0.5
289,0.5615,True,landwatch,422820889,NY,Ontario,607.0,2999900.0,4942.17,"Naples, NY, 14512, Ontario County",https://www.landwatch.com/ontario-county-new-york-farms-and-ranches-for-sale/pid/422820889,,,1.0,0.885,0.176,0.5,0.5
290,0.5606,True,landandfarm,40870609,VA,Bath,790.0,3000000.0,3797.47,"Millboro, VA, 24460",https://www.landandfarm.com/property/single-family-national-millboro-va-40870609/,,,1.0,0.627,0.367,0.5,0.5
291,0.5603,True,landwatch,426409260,GA,Wilcox,593.0,2846400.0,4800.0,"Pitts, GA, 31072, Wilcox County",https://www.landwatch.com/wilcox-county-georgia-recreational-property-for-sale/pid/426409260,,,1.0,0.848,0.2,0.5,0.5
292,0.5601,True,landwatch,424944374,OK,Pontotoc,601.0,2944900.0,4900.0,"Ada, OK, 74820, Pontotoc County",https://www.landwatch.com/pontotoc-county-oklahoma-farms-and-ranches-for-sale/pid/424944374,,,1.0,0.869,0.183,0.5,0.5
293,0.5588,True,landwatch,425910887,VA,Lunenburg,834.0,3000000.0,3597.12,"Keysville, VA, 23936, Lunenburg County",https://www.landwatch.com/lunenburg-county-virginia-recreational-property-for-sale/pid/425910887,,,1.0,0.574,0.4,0.5,0.5
294,0.5585,True,landwatch,414929944,VA,Albemarle,583.0,2750000.0,4716.98,"Charlottesville, VA, 22902, Albemarle County",https://www.landwatch.com/albemarle-county-virginia-farms-and-ranches-for-sale/pid/414929944,,,1.0,0.821,0.214,0.5,0.5
295,0.5579,True,landwatch,426586439,AL,Lamar,595.0,2900000.0,4873.95,"Sulligent, AL, 35586, Lamar County",https://www.landwatch.com/lamar-county-alabama-farms-and-ranches-for-sale/pid/426586439,,,1.0,0.853,0.188,0.5,0.5
296,0.5569,True,landwatch,426425524,AL,Lamar,594.0,2900000.0,4882.15,"Sulligent, AL, 35586, Lamar County",https://www.landwatch.com/lamar-county-alabama-farms-and-ranches-for-sale/pid/426425524,,,1.0,0.851,0.186,0.5,0.5
297,0.5519,True,landwatch,418802939,NC,Hyde,552.0,2475000.0,4483.7,"Makleyville, NC, 27875, Hyde County",https://www.landwatch.com/hyde-county-north-carolina-timberland-property-for-sale/pid/418802939,,,1.0,0.739,0.253,0.5,0.5
298,0.5507,True,landwatch,422942886,GA,Wilkinson,553.0,2500000.0,4520.8,"Irwinton, GA, 31042, Wilkinson County",https://www.landwatch.com/wilkinson-county-georgia-recreational-property-for-sale/pid/422942886,,,1.0,0.741,0.247,0.5,0.5
299,0.5502,True,landwatch,421582912,VA,Dinwiddie,587.0,2900000.0,4940.37,"Wilsons, VA, 23894, Dinwiddie County",https://www.landwatch.com/dinwiddie-county-virginia-recreational-property-for-sale/pid/421582912,,,1.0,0.832,0.177,0.5,0.5
300,0.548,True,landwatch,424104319,NE,Keith,593.0,3000000.0,5059.02,"Roscoe, NE 69153",https://www.landwatch.com/keith-county-nebraska-farms-and-ranches-for-sale/pid/424104319,,,1.0,0.848,0.157,0.5,0.5
301,0.5463,True,landwatch,425354340,MS,Lamar,566.0,2700000.0,4770.32,"Purvis, MS, 39475, Lamar County",https://www.landwatch.com/lamar-county-mississippi-farms-and-ranches-for-sale/pid/425354340,,,1.0,0.776,0.205,0.5,0.5
302,0.5435,True,landwatch,424842993,TN,Hawkins,588.0,2995000.0,5093.54,"Mooresburg, TN, 37811, Hawkins County",https://www.landwatch.com/hawkins-county-tennessee-recreational-property-for-sale/pid/424842993,,,1.0,0.835,0.151,0.5,0.5
303,0.543,True,landwatch,424381304,TN,Hawkins,588.0,3000000.0,5102.04,"Mooresburg, TN, 37811, Hawkins County",https://www.landwatch.com/hawkins-county-tennessee-recreational-property-for-sale/pid/424381304,,,1.0,0.835,0.15,0.5,0.5
304,0.541,True,landwatch,426594737,NE,Boyd,555.0,2635253.0,4748.2,"Gross, NE, 49686, Boyd County",https://www.landwatch.com/boyd-county-nebraska-farms-and-ranches-for-sale/pid/426594737,,,1.0,0.747,0.209,0.5,0.5
305,0.5392,True,landwatch,425899684,MN,Polk,532.0,2400000.0,4511.28,"Erskine, MN, 56535, Polk County",https://www.landwatch.com/polk-county-minnesota-farms-and-ranches-for-sale/pid/425899684,,,1.0,0.685,0.248,0.5,0.5
306,0.5302,True,landwatch,425507936,OK,Pawnee,575.0,2999500.0,5216.52,"Ralston, OK, 74650, Pawnee County",https://www.landwatch.com/pawnee-county-oklahoma-farms-and-ranches-for-sale/pid/425507936,,,1.0,0.8,0.131,0.5,0.5
307,0.5286,True,landwatch,426168638,KS,Harper,550.0,2722500.0,4950.0,"Attica, KS, 67009, Harper County",https://www.landwatch.com/harper-county-kansas-farms-and-ranches-for-sale/pid/426168638,,,1.0,0.733,0.175,0.5,0.5
308,0.5255,True,landwatch,426105974,SD,Meade,518.0,2399000.0,4631.27,"White Owl, SD, 57748, Meade County",https://www.landwatch.com/meade-county-south-dakota-farms-and-ranches-for-sale/pid/426105974,,,1.0,0.648,0.228,0.5,0.5
309,0.5205,True,landwatch,426121140,AL,Saint Clair,540.0,2700000.0,5000.0,"Cropwell, AL, 35054, Saint Clair County",https://www.landwatch.com/saint-clair-county-alabama-recreational-property-for-sale/pid/426121140,,,1.0,0.707,0.167,0.5,0.5
310,0.5028,True,landwatch,426044043,AL,Washington,505.0,2499995.0,4950.49,"Fruitdale, AL, 36529, Washington County",https://www.landwatch.com/washington-county-alabama-recreational-property-for-sale/pid/426044043,,,1.0,0.613,0.175,0.5,0.5
311,0.4974,True,landsearch,5245753,MS,Quitman,522.0,2750000.0,5268.2,"Lambert, MS 38643",https://www.landsearch.com/properties/1-highway-3-lambert-ms-38643/5245753,,,1.0,0.659,0.122,0.5,0.5
312,0.4897,True,landwatch,416422064,MO,Wayne,525.0,2870000.0,5466.67,"Des Arc, MO, 63636, Wayne County",https://www.landwatch.com/wayne-county-missouri-recreational-property-for-sale/pid/416422064,,,1.0,0.667,0.089,0.5,0.5
313,0.4879,True,landwatch,422292480,KY,Powell,528.0,2925000.0,5539.77,"Stanton, KY, 40380, Powell County",https://www.landwatch.com/powell-county-kentucky-recreational-property-for-sale/pid/422292480,,,1.0,0.675,0.077,0.5,0.5
314,0.4874,True,landwatch,425762273,PA,Somerset,525.0,2895000.0,5514.29,"Fairhope, PA, 15538, Somerset County",https://www.landwatch.com/somerset-county-pennsylvania-lakefront-property-for-sale/pid/425762273,,,1.0,0.667,0.081,0.5,0.5
315,0.48,True,landwatch,424993987,KY,Casey,500.0,2685000.0,5370.0,"Liberty, KY, 42539, Casey County",https://www.landwatch.com/casey-county-kentucky-farms-and-ranches-for-sale/pid/424993987,,,1.0,0.6,0.105,0.5,0.5
316,0.4738,True,landsearch,5023643,GA,Randolph,515.0,2925000.0,5679.61,"Cuthbert, GA 39840",https://www.landsearch.com/properties/886-mound-rd-cuthbert-ga-39840/5023643,,,1.0,0.64,0.053,0.5,0.5
317,0.4729,True,landwatch,421725032,SD,Deuel,515.0,3000000.0,5825.24,"Clear Lake, SD, 57226, Deuel County",https://www.landwatch.com/deuel-county-south-dakota-farms-and-ranches-for-sale/pid/421725032,,,1.0,0.64,0.05,0.5,0.5
